modelo,horizonte,passos,mae,rmse,r2,mape
LSTM_Otimizada,15_minutos,15,0.4209317878764674,0.7386163238252659,0.39626602065315075,64.66980322273092
LSTM_Otimizada,1_hora,60,0.6050634114028036,0.927557535020166,0.048051570210317696,103.36347113189117
