modelo,horizonte,passos,mae,rmse,r2,mape,smape,acuracia
ExtraTrees_1Hora,1_hora_agregado,1,0.40903421376058025,0.5857237761830852,0.4182215468174497,59.231515145864286,43.68931831164856,41.82215468174497
RandomForest_1Hora,1_hora_agregado,1,0.40835458041198436,0.5881301013461959,0.413431494280156,58.05167266516968,43.37859783872439,41.3431494280156
HistGradientBoosting_1Hora,1_hora_agregado,1,0.43289888229383006,0.6321056219590139,0.32243458323225693,60.330002660587766,45.2161021817863,32.243458323225695
